,title,permalink,category
0,"Lab-Grown Meat - Meat produced without killing animals is heading to your dinner table. Also called clean meat, it could eliminate much of the cruel, unethical treatment of animals and reduce the considerable environmental costs of meat production.",/r/Futurology/comments/j3tmuw/labgrown_meat_meat_produced_without_killing/,clean meat
1,Is India ready for lab-grown meat? We interviewed two founders of Indian clean meat companies to gain an outlook of the future of the clean meat industry in the Indian market – this is what they said,/r/Futurology/comments/iycnu9/is_india_ready_for_labgrown_meat_we_interviewed/,clean meat
2,We asked the public when they think milestones in the clean meat industry will happen- here are the results,/r/Futurology/comments/id9wk0/we_asked_the_public_when_they_think_milestones_in/,clean meat
3,"Lab-Grown Meat - Meat produced without killing animals is heading to your dinner table. Also called clean meat, it could eliminate much of the cruel, unethical treatment of animals and reduce the considerable environmental costs of meat production.",/r/Futurology/comments/9h4t0g/labgrown_meat_meat_produced_without_killing/,clean meat
4,Most Americans will happily try eating lab-grown “clean meat”,/r/Futurology/comments/95x4bu/most_americans_will_happily_try_eating_labgrown/,clean meat
5,"Lab-grown 'clean' meat could be on sale by end of 2018, says producer - Cultured tissue, harvested without killing any animals, could allow scientists to grown meals’ worth of products with just a handful of starter cells",/r/Futurology/comments/81pw90/labgrown_clean_meat_could_be_on_sale_by_end_of/,clean meat
6,"Lab meat to transform meat industry in 2021 - “This 'clean meat' company says it has already produced beef, chicken and duck directly from animal cells, without the need to raise and slaughter animals.”",/r/Futurology/comments/7rsy1d/lab_meat_to_transform_meat_industry_in_2021_this/,clean meat
7,Clean Meat Will Rapidly Decrease Animal Abuse; CA To Vote on Ban of Pork from Pigs Raised in Gestation Pens,/r/Futurology/comments/9e6w0j/clean_meat_will_rapidly_decrease_animal_abuse_ca/,clean meat
8,Why Richard Branson and Bill Gates Are Betting Big on a Food Startup You've Never Heard Of - The Virgin mogul believes clean meat could be one of the keys to defeating climate change.,/r/Futurology/comments/79355r/why_richard_branson_and_bill_gates_are_betting/,clean meat
9,How to Feed Ten Billion: Lab-Made 'Clean Meat' Burgers are Future of Food,/r/Futurology/comments/4wpxbo/how_to_feed_ten_billion_labmade_clean_meat/,clean meat
10,New $100 Million Protein Investment Fund to Focus on Vegan and Clean Meat,/r/Futurology/comments/a8n5ur/new_100_million_protein_investment_fund_to_focus/,clean meat
11,"Meat-free foods that ""bleed"" like the real thing are becoming increasingly common. The first type of these new meat alternatives are plant-based products. The second type of meat alternative is known as cultured or clean meat, which is produced using animal stem cells, in a lab or bioreactor.",/r/Futurology/comments/bnbqeo/meatfree_foods_that_bleed_like_the_real_thing_are/,clean meat
12,"Lab-Grown ""Clean Meat"" is Almost Here. Will You Eat It?",/r/Futurology/comments/7geh4q/labgrown_clean_meat_is_almost_here_will_you_eat_it/,clean meat
13,"""'Clean' meat has been science fiction and now it is science fact"": but what's so 'clean' about it? - “‘Clean’ beef would take up 99% less land, produce 96% fewer greenhouse gas emissions and over 90% less water to produce the same amount of beef”",/r/Futurology/comments/875s7c/clean_meat_has_been_science_fiction_and_now_it_is/,clean meat
14,"[in-depth] A comprehensive series on the science behind cell-based (lab-grown, cultured, clean) meat, Part II: Bioprocessing",/r/Futurology/comments/ayptba/indepth_a_comprehensive_series_on_the_science/,clean meat
15,"The Japanese government just invested in ""clean meat"" (lab-grown meat)",/r/Futurology/comments/8n8ws7/the_japanese_government_just_invested_in_clean/,clean meat
16,"Jews and Muslims are considering whether high-tech ""clean meat"" is kosher and halal",/r/Futurology/comments/7sfl28/jews_and_muslims_are_considering_whether_hightech/,clean meat
17,"Where's the beef? The cell-cultured variety is still 'meat,' says attorney as cattlemen petition USDA over clean meat labeling",/r/Futurology/comments/81uowt/wheres_the_beef_the_cellcultured_variety_is_still/,clean meat
18,How clean meat will change the food industry - Docu,/r/Futurology/comments/booxz9/how_clean_meat_will_change_the_food_industry_docu/,clean meat
19,What crazy clean meat are you excited to eat?,/r/Futurology/comments/8hc443/what_crazy_clean_meat_are_you_excited_to_eat/,clean meat
20,"Meat 2.0? Green meat? War of words over what to call lab-grown meat - 'Clean meat' implies natural meat is dirty, says one beef advocate",/r/Futurology/comments/8si2ss/meat_20_green_meat_war_of_words_over_what_to_call/,clean meat
21,"Clean Meat, Via Lab, Is On The Way",/r/Futurology/comments/7nu5r7/clean_meat_via_lab_is_on_the_way/,clean meat
22,What's Next After Plant-Based? Clean Meat Grown From Animal Cells,/r/Futurology/comments/9fh60l/whats_next_after_plantbased_clean_meat_grown_from/,clean meat
23,Clean meat is the future of meat,/r/Futurology/comments/7y63gd/clean_meat_is_the_future_of_meat/,clean meat
24,Clean Meat: A Graphic Primer - Faunalytics,/r/Futurology/comments/9co3yd/clean_meat_a_graphic_primer_faunalytics/,clean meat
25,The FDA says it wants to regulate clean meat products in the US,/r/Futurology/comments/8vkh2y/the_fda_says_it_wants_to_regulate_clean_meat/,clean meat
26,Clean meat could stop the greening of the worlds deserts,/r/Futurology/comments/98dja4/clean_meat_could_stop_the_greening_of_the_worlds/,clean meat
27,A veggie burger that bleeds? Now the ‘clean meat’ revolution is cooking on gas - Plant-based products meant to resemble animal foods are becoming even more convincing and delicious – and lowering the barriers to a vegan lifestyle,/r/Futurology/comments/662c6d/a_veggie_burger_that_bleeds_now_the_clean_meat/,clean meat
28,Why Richard Branson Backs Clean Meat,/r/Futurology/comments/77zxn0/why_richard_branson_backs_clean_meat/,clean meat
29,"A clean-meat revolution is cooking in Israel: ""Global researchers, NGOs and meat industry leaders gather in Haifa to strategize mass production of cultured meat and learn about Israeli advances.""",/r/Futurology/comments/6bi5yq/a_cleanmeat_revolution_is_cooking_in_israel/,clean meat
30,"Why the Meat Factories of the Future Will Look Like Breweries: ""Investors, many from the technology sector, are looking at 'clean meat'—meat produced without animal slaughter (cultured or 'lab-grown,' as it is often colloquially referred to)""",/r/Futurology/comments/4vypdr/why_the_meat_factories_of_the_future_will_look/,clean meat
31,"Alternative or ""clean"" meat startup Memphis Meats announced Wednesday morning that it has completed a $17 million Series A fundraising round, including donations by Richard Branson and Bill Gates. The company has now raised $22 million to date.",/r/Futurology/comments/6vj9nl/alternative_or_clean_meat_startup_memphis_meats/,clean meat
32,Clean Meat Explained,/r/Futurology/comments/8h0fuq/clean_meat_explained/,clean meat
33,"Latest update from SuperMeat, showing that the current Meat Industry does support clean meat development",/r/Futurology/comments/8crxz1/latest_update_from_supermeat_showing_that_the/,clean meat
34,"An Inside Look Into How Startups and Nonprofits are Developing ""Clean Meat"" (AKA lab-grown meat)",/r/Futurology/comments/6wzbez/an_inside_look_into_how_startups_and_nonprofits/,clean meat
35,Clean meat: The revolution? BBC Newsnight,/r/Futurology/comments/89tguh/clean_meat_the_revolution_bbc_newsnight/,clean meat
36,Clean meat: The revolution? - BBC Newsnight,/r/Futurology/comments/8a4g87/clean_meat_the_revolution_bbc_newsnight/,clean meat
37,Food scientists made a Chinese takeout menu featuring clean meat - from Quartz,/r/Futurology/comments/75z5v2/food_scientists_made_a_chinese_takeout_menu/,clean meat
38,New Documentary on Clean Meat Unveiled,/r/Futurology/comments/5iakkd/new_documentary_on_clean_meat_unveiled/,clean meat
39,Clean Meat: A Bold Prediction May Finally Come True,/r/Futurology/comments/6h7unv/clean_meat_a_bold_prediction_may_finally_come_true/,clean meat
40,[Question] Where would we get stem cells for clean meat?,/r/Futurology/comments/4zd5ax/question_where_would_we_get_stem_cells_for_clean/,clean meat
41,"[in-depth] How it's made: the science behind cultured/clean/cell-based meat, part 4a: the components of cell culture medium and fetal bovine serum",/r/Futurology/comments/d6uup8/indepth_how_its_made_the_science_behind/,clean meat
42,"Ready for cell-cultured meat? I am Chase Purdy, author of ""Billion Dollar Burger"" — the first journalistic book on the subject. AMA!",/r/Futurology/comments/hfnte1/ready_for_cellcultured_meat_i_am_chase_purdy/,clean meat
43,"Cultured meat, also known as clean, cell-based or slaughter-free meat, is grown from stem cells taken from a live animal without the need for slaughter. If commercialized successfully, it could solve many of the environmental, animal welfare and public health issues of animal agriculture.",/r/Futurology/comments/avr6xu/cultured_meat_also_known_as_clean_cellbased_or/,clean meat
44,"2019 has been a big year for meat alternatives. I’m Kelsey Piper, a staff writer at Vox’s Future Perfect, where I cover the growing meatless meat industry. AMA.",/r/Futurology/comments/buh7p0/2019_has_been_a_big_year_for_meat_alternatives_im/,clean meat
45,"Richard Branson: ""I believe that in 30 years or so we will no longer need to kill any animals and that all meat will either be clean or plant-based, taste the same and also be much healthier for everyone.""",/r/Futurology/comments/72umg6/richard_branson_i_believe_that_in_30_years_or_so/,clean meat
46,[in-depth] A comprehensive series on the science behind cell-based meat,/r/Futurology/comments/aoh0c3/indepth_a_comprehensive_series_on_the_science/,clean meat
47,"[in-depth] How it's made: the science behind cultured, clean, and cell-based meat, part 3: bioengineering strategies",/r/Futurology/comments/beybqj/indepth_how_its_made_the_science_behind_cultured/,clean meat
48,"[in-depth] How it's made: the science behind cultured, clean, and cell-based meat, series 3.2: bioengineering methods",/r/Futurology/comments/br9lgp/indepth_how_its_made_the_science_behind_cultured/,clean meat
49,Hypothetical about cloning technology.,/r/Futurology/comments/a1whcn/hypothetical_about_cloning_technology/,clean meat
50,"Clean, safe, humane — producers say lab meat is a triple win",/r/Futurology/comments/5p3qi1/clean_safe_humane_producers_say_lab_meat_is_a/,clean meat
51,"Lab-made meat startup SuperMeat raises $3M seed to develop ‘clean’ chicken - “produced in a lab by growing real animal cells. In SuperMeat’s case, those extracted from a chicken.”",/r/Futurology/comments/7nlppi/labmade_meat_startup_supermeat_raises_3m_seed_to/,clean meat
52,Would lab grown fruit/veg be possible in the future?,/r/Futurology/comments/81qv29/would_lab_grown_fruitveg_be_possible_in_the_future/,clean meat
53,What will be the next food tech innovations?,/r/Futurology/comments/jhzkca/what_will_be_the_next_food_tech_innovations/,clean meat
54,"Would you eat lab grown meat? Are plant based burgers real food? I’m meat eater, chef, and environmentalist Kimbal Musk. AMA and vote for my burger!",/r/Futurology/comments/8t29sp/would_you_eat_lab_grown_meat_are_plant_based/,clean meat
55,Why The Beef And Dairy Industries Are On A Cow Path to Oblivion,/r/Futurology/comments/dbmvz4/why_the_beef_and_dairy_industries_are_on_a_cow/,clean meat
56,So Far Cultured Meat Has Been Burgers—the Next Big Challenge Is Animal-Free Steaks,/r/Futurology/comments/ccbazb/so_far_cultured_meat_has_been_burgersthe_next_big/,clean meat
57,"Planted joins the meatless meat melee with its pea-protein ‘chicken’ - claims its ultra-simple meatless poultry is nearly indistinguishable from the real thing, better in other ways, and soon, cheaper.",/r/Futurology/comments/cbjuwx/planted_joins_the_meatless_meat_melee_with_its/,clean meat
58,Missouri Is Making It Illegal To Call This “Meat” - The beef lobby is going to war against veggie burgers.,/r/Futurology/comments/8ko2kh/missouri_is_making_it_illegal_to_call_this_meat/,clean meat
59,How a bunch of geeks scared the meat industry,/r/Futurology/comments/8fy2ze/how_a_bunch_of_geeks_scared_the_meat_industry/,clean meat
60,The beef industry has fired its first shot in the fight against cell-cultured meat,/r/Futurology/comments/7xkcdt/the_beef_industry_has_fired_its_first_shot_in_the/,clean meat
61,Welcome to the exponential age.,/r/Futurology/comments/5lu9gj/welcome_to_the_exponential_age/,clean meat
62,I love the concept of lab-grown meat— but that name has *got* to go.,/r/Futurology/comments/4qtp3c/i_love_the_concept_of_labgrown_meat_but_that_name/,clean meat
63,"An Amazing, Spectacular, Mind-Bogglingly Incredible Future Awaits Us… [Essay]",/r/Futurology/comments/8o9ncr/an_amazing_spectacular_mindbogglingly_incredible/,clean meat
64,Potential book about the future without animal products,/r/Futurology/comments/7uqzth/potential_book_about_the_future_without_animal/,clean meat
65,"[Long] In defense of the idea of ""post-scarcity""... kinda",/r/Futurology/comments/82jrqe/long_in_defense_of_the_idea_of_postscarcity_kinda/,clean meat
66,Will UBI Create the Eloi?,/r/Futurology/comments/4layxe/will_ubi_create_the_eloi/,clean meat
67,Technostism: The Ideology Of Futurology,/r/Futurology/comments/34u1a9/technostism_the_ideology_of_futurology/,clean meat
68,"A day in 2060 (chapter from the paper titled ""Distributing Cognition: from Local Brains to the Global Brain"")",/r/Futurology/comments/2r04wq/a_day_in_2060_chapter_from_the_paper_titled/,clean meat
69,Lets talk about future fuels and a society without petroleum.,/r/Futurology/comments/3vw5m2/lets_talk_about_future_fuels_and_a_society/,clean meat
70,[In-Depth] The Techdom of God,/r/Futurology/comments/2sz0of/indepth_the_techdom_of_god/,clean meat
