,title,permalink
0,"Virtual fences, robot workers, stacked crops: farming in 2040 - In-vitro meat, cultivated from animal cells rather than from slaughtered animals, and insect protein “may well grow in popularity depending on advances in making these protein sources more palatable”, the report says.",/r/Futurology/comments/arjpxa/virtual_fences_robot_workers_stacked_crops/
1,"NYT on in vitro meat: ""full-scale production of cultured meat could greatly reduce water, land and energy use, and emissions of methane and other greenhouse gases, compared with conventional raising and slaughtering of cattle or other livestock."" [r/technology]",/r/Futurology/comments/1eb9yt/nyt_on_in_vitro_meat_fullscale_production_of/
2,"Are we ready to eat lab grown meat?: “The way we produce meat today is not going to last. There are three options: we will all become vegetarian; we will eat more insects; or, perhaps, we will eat in vitro meat.” (from r/technology)",/r/Futurology/comments/1a6pi3/are_we_ready_to_eat_lab_grown_meat_the_way_we/
3,First-ever in vitro meat tasting to take place on August 5th in London,/r/Futurology/comments/1hvnxj/firstever_in_vitro_meat_tasting_to_take_place_on/
4,TEDx talk on in-vitro meat,/r/Futurology/comments/14ah45/tedx_talk_on_invitro_meat/
5,"Is in vitro meat the future of food production?: ""There’s no doubt that the introduction of cultured meat would have a positive impact on the world, both in terms of society and the environment."" [r/technology]",/r/Futurology/comments/1dcwto/is_in_vitro_meat_the_future_of_food_production/
6,Nine Ways In-Vitro Meat Will Change Our Lives,/r/Futurology/comments/qcro9/nine_ways_invitro_meat_will_change_our_lives/
7,From Farm to Lab: In Vitro Meat and the Future of Food,/r/Futurology/comments/4grsnm/from_farm_to_lab_in_vitro_meat_and_the_future_of/
8,"IAmA heads up: Isha Datar of New Harvest, a non-profit working to advance cultured/in vitro meat, is doing an IAmA tomorrow (Monday) at 9:30 am EST.",/r/Futurology/comments/1k5ebe/iama_heads_up_isha_datar_of_new_harvest_a/
9,In Vitro Meat - A taste of the future,/r/Futurology/comments/171r7j/in_vitro_meat_a_taste_of_the_future/
10,I feel people are underreacting to OpenAI's Jukebox. This neural network is generating waveforms themselves!,/r/Futurology/comments/gi42b9/i_feel_people_are_underreacting_to_openais/
11,"[in-depth] A comprehensive series on the science behind cell-based (lab-grown, cultured, clean) meat, Part II: Bioprocessing",/r/Futurology/comments/ayptba/indepth_a_comprehensive_series_on_the_science/
12,What are your predictions for day to day life in 2033?,/r/Futurology/comments/1emfu4/what_are_your_predictions_for_day_to_day_life_in/
13,I love the concept of lab-grown meat— but that name has *got* to go.,/r/Futurology/comments/4qtp3c/i_love_the_concept_of_labgrown_meat_but_that_name/
14,"Since everyone seems to be doing future prediction lists at the moment, what are your top 5 predictions for the next 5, 10, and 20 years?",/r/Futurology/comments/13zvuf/since_everyone_seems_to_be_doing_future/
15,The upcoming decentralization of the global economy,/r/Futurology/comments/1mpsri/the_upcoming_decentralization_of_the_global/
16,How aware do you think the non-futurist community is for the issues of the future?,/r/Futurology/comments/1byoxl/how_aware_do_you_think_the_nonfuturist_community/
17,Any vegans in here?,/r/Futurology/comments/15835o/any_vegans_in_here/
18,What are we going to call lab-grown meat if/when it becomes widely available?,/r/Futurology/comments/1l1dqn/what_are_we_going_to_call_labgrown_meat_ifwhen_it/
19,Futurology Prediction Project Results,/r/Futurology/comments/1rhf1c/futurology_prediction_project_results/
20,How would evolution affect lab-grown meat?,/r/Futurology/comments/3p3r1x/how_would_evolution_affect_labgrown_meat/
21,How technology will be used to give the world back to nature.,/r/Futurology/comments/1pq9fg/how_technology_will_be_used_to_give_the_world/
22,What Jobs Will Technology Create?,/r/Futurology/comments/2tyo9d/what_jobs_will_technology_create/
23,[Speculative Discussion] Hyperstructures and their feasibility as the future home of humanity on earth.,/r/Futurology/comments/2ro8l1/speculative_discussion_hyperstructures_and_their/
24,"Lab grown meat is not ""fake"".",/r/Futurology/comments/3uxoyk/lab_grown_meat_is_not_fake/
25,What will social justice movements and controversial issues look like in the future?,/r/Futurology/comments/18l9k4/what_will_social_justice_movements_and/
26,"Modern Meadow, a company working to create in-vitro leather and meat, just got a $10 million investment from Asia's wealthiest man",/r/Futurology/comments/292725/modern_meadow_a_company_working_to_create_invitro/
27,"Welcome to Bistro in Vitro, the world’s first lab-grown meat restaurant and the future of fine dining. Its dishes may sound like the stuff of macabre fantasy, but according to scientist and philosopher Koert van Mensvoort, we can expect to be eating meals￼ like this in the not too distant future.",/r/Futurology/comments/373egn/welcome_to_bistro_in_vitro_the_worlds_first/
28,"Question: If we extract protein cells from our body, replicate them into meat, then cook them up like a hamburger, are we considered cannibals? (related to the recent animal protein in-vitro burger recently grown)",/r/Futurology/comments/1k7phq/question_if_we_extract_protein_cells_from_our/
29,"The $325,000 burger - the challenge of creating lab in vitro grown meat",/r/Futurology/comments/1e8uqp/the_325000_burger_the_challenge_of_creating_lab/
30,What will be the next food tech innovations?,/r/Futurology/comments/jhzkca/what_will_be_the_next_food_tech_innovations/
31,New $100 Million Protein Investment Fund to Focus on Vegan and Clean Meat,/r/Futurology/comments/a8n5ur/new_100_million_protein_investment_fund_to_focus/
32,"[in-depth] How it's made: the science behind cultivated meat, part 4D: cell culture medium for seafood",/r/Futurology/comments/g9m1m6/indepth_how_its_made_the_science_behind/
33,"[in-depth] How it's made: the science behind cultivated meat, part 4b: the composition of fetal bovine serum",/r/Futurology/comments/ep2qrf/indepth_how_its_made_the_science_behind/
34,The Bill Gates-backed company that's reinventing meat,/r/Futurology/comments/1oaw1x/the_bill_gatesbacked_company_thats_reinventing/
35,"[in-depth] How it's made: the science behind cultured/clean/cell-based meat, part 4a: the components of cell culture medium and fetal bovine serum",/r/Futurology/comments/d6uup8/indepth_how_its_made_the_science_behind/
36,[in-depth] A comprehensive series on the science behind cell-based meat,/r/Futurology/comments/aoh0c3/indepth_a_comprehensive_series_on_the_science/
37,"[in-depth] How it's made: the science behind cultured, clean, and cell-based meat, part 3: bioengineering strategies",/r/Futurology/comments/beybqj/indepth_how_its_made_the_science_behind_cultured/
38,"[in-depth] How it's made: the science behind cultured, clean, and cell-based meat, series 3.2: bioengineering methods",/r/Futurology/comments/br9lgp/indepth_how_its_made_the_science_behind_cultured/
39,Futurology would benefit from better marketing,/r/Futurology/comments/506pp4/futurology_would_benefit_from_better_marketing/
